{
  "model": "lstm",
  "accuracy": 0.812089,
  "precision": 0.70584,
  "recall": 0.812089,
  "f1_weighted": 0.752917,
  "train_time_sec": 1227.15,
  "inference_ms_per_sample": 3.6068
}